n Particles;n Dimensions;n Metropolis Steps;Equilibration Fraction;Accepted Steps;Found Energy;Steepest Descent Time;Elapsed Time;n Parameters;Parameters (undefinedNumber)
2;3;10000;0.1;0.966607;7.44574;3.53161;0.341089;5;0.780745;0.001;2.82843;2.82843;0.0043
10;3;10000;0.1;0.608212;34.531;6.60486;95.2771;5;0.710547;0.001;2.82843;2.82843;0.0043
50;3;10000;0.1;0.315717;161.824;7361.26;4393.68;5;0.801405;0.001;2.82843;2.82843;0.0043
